restaurant_name,city,zip_code,phone,instagram_handle,followers,posts,bio,website,status
COOPERTOWN RESTAURANT,NEW YORK,10003,+1 212-677-2126,,,,,,NOT_FOUND
ALI BABAS CAVE,SAN FRANCISCO,94110,+1 415-863-4158,@alibabascave,1,0,,,EMPTY_PROFILE
BOBS GRILL AND GROCERY,SAN FRANCISCO,94110,+1 415-826-4158,,,,,,NOT_FOUND
LUKE S LOBSTER,NEW YORK,10003,+1 917-475-9191,@lukeslobster,123K,4316,Traceable + sustainable. Shipped direct from ME,linkin.bio/lukeslobster,FOUND
SMOOTHY PLACE,NEW YORK,10003,+1 212-353-2123,,,,,,NOT_FOUND
PICCOLA STRADA,NEW YORK,10003,+1 212-674-1557,,,,,,NOT_FOUND
JP STREET,NEW YORK,10003,un,,,,,,NOT_FOUND
KRISPY KRUNCHY CHICKEN,SAN FRANCISCO,94110,+1 415-683-6835,@krispykrunchychicken,43.8K,970,Southern-style fried chicken with over 3500 locations,sprout.link/krispykrunchychicken,FOUND
FREEHOLD,NEW YORK,10003,un,@freeholdbrooklyn,6,0,,,EMPTY_PROFILE
IL CANTINORIE RESTAURAUNT,NEW YORK,10003,+1 212-673-6044,,,,,,NOT_FOUND
LIBRARY OF DISTILLED SPIRITS,NEW YORK,10003,+1 646-878-0396,@libraryofdistilledspirits,10.7K,386,Classic cocktail bar with encyclopedic spirits collection,sprout.link/libraryofdistilledspirits,FOUND
WESBURGER N MORE,SAN FRANCISCO,94110,+1 415-745-9371,,,,,,NOT_FOUND
MEADOWS LIVINGSTONE SCHOOL,SAN FRANCISCO,94110,+1 415-695-4156,,,,,,NOT_FOUND
ODDBALL FILMS,SAN FRANCISCO,94110,un,@oddballfilms,1333,396,Rare archival stills and clips from 50000 reel film collection,oddballfilms.com,FOUND
CHO-KO RESTAURANT,NEW YORK,10003,+1 212-388-2123,,,,,,NOT_FOUND
STUFFED ICE CREAM,NEW YORK,10003,+1 917-261-4904,,,,,,WRONG_PROFILE
DAILY ANK APPLE,NEW YORK,10003,+1 212-254-2122,,,,,,NOT_FOUND
ASTOR PLATE,NEW YORK,10003,+1 212-475-9854,,,,,,NOT_FOUND
CRUNCH FITNESS,NEW YORK,10003,+1 212-614-0120,,,,,,NOT_FOUND
Jacks sliders and sushi,Manhattan,10003,un,,,,,,NOT_FOUND
REEF KITCHENS,SAN FRANCISCO,94110,un,,,,,,NOT_FOUND
The Boil Waverly,NEW YORK,10003,+1 646-833-7110,,,,,,NOT_FOUND
ZANTE PIZZA,SAN FRANCISCO,94110,+1 415-821-4158,@zantepizza,7,0,,,WRONG_PROFILE
COFFEE KLATCH,SAN FRANCISCO,94110,+1 877-455-8774,,,,,,NOT_FOUND
JEEPNEY,NEW YORK,10003,+1 917-717-9177,@jeepneynyc,24.8K,115,Filipino restaurant. James Beard. Best Burger NYC,goldbelly.com/jeepney,FOUND
MISSION CULTURAL CENTER FOR LATINO ARTS,SAN FRANCISCO,94110,+1 415-821-4158,,,,,,NOT_FOUND
GRUBSTAKE BURGERS AND BREAKFAST,SAN FRANCISCO,94110,un,@grubstakesf,4539,866,SF oldest late-night dining spot Est. 1927,youtube.com,FOUND
BOBA GUYS MILK TEA & SNACK BAR,SAN FRANCISCO,94110,+1 415-967-4159,@bobaguys,124K,4196,Bridging cultures since 2011. Next level boba & tea,linktr.ee/bobaguys,FOUND
CVS PHARMACY,NEW YORK,10003,+1 646-602-8237,@cvspharmacy,302K,1509,Health/beauty. Healthier happens together,visitstore.bio/cvspharmacy,FOUND
Oakes Children s Center,SAN FRANCISCO,94110,+1 415-641-8000,,,,,,NOT_FOUND
SILKY KITCHEN,NEW YORK,10003,+1 646-850-0635,@silkykitchennyc,3807,482,Chinese Restaurant. Authentic Hunan. Multiple locations,silkykitchen.com,FOUND
FRONT PORCH THE,SAN FRANCISCO,94110,+1 415-695-4156,@thefrontporchsf,6814,1703,American Restaurant. Featured on @foodnetwork. DINNER & BRUNCH,gofund.me/807272aa,FOUND
MISSION HOTEL,SAN FRANCISCO,94110,+1 415-621-4422,,,,,,NOT_FOUND
KRUST PIZZERIA,NEW YORK,10003,+1 212-510-2125,@krustpizzeria,0,0,,,EMPTY_PROFILE
LAZY BEAR,SAN FRANCISCO,94110,+1 415-874-4158,@lazybearsf,60.8K,1219,Fine dining restaurant. Unique tasting menu. Foraged and cultivated,lazybearsf.com,FOUND
ATLAS CAFE,SAN FRANCISCO,94110,+1 415-648-1047,@atlascafesf,1317,902,Cafe. M-F 7-6 Sa 8-6 Su 8-4. Comedy Sa 2-4. Outdoor & Indoor,toasttab.com/atlas-cafe,FOUND
CHA CHA CHA,SAN FRANCISCO,94110,+1 415-648-0504,@chachachasf,3228,386,Caribbean Restaurant. Tapas & Full Bar. Since 1984,chachachasf.com/reservations,FOUND
OTTO RESTAURANT ENOTECA PIZZERIA,NEW YORK,10003,+1 212-995-2129,@ottopizzeria,17.8K,2395,"One Fifth Avenue at 8th Street, New York",gofundme.com,FOUND
Pressed Juicery,NEW YORK,10003,+1 646-657-0841,@pressedjuicery,399K,5300,Food & beverage. You. Powered by nature,pressed.com,FOUND
DECIBEL,NEW YORK,10003,+1 212-979-2129,@decibelnyc,0,0,,,EMPTY_PROFILE
BARBOUNIA,NEW YORK,10003,+1 212-995-0242,@barbounianyc,23.9K,1697,Mediterranean Restaurant. Culinary cruise. Best bars in Gramercy,linktr.ee/barbounia,FOUND
VAPIANO,NEW YORK,10003,+1 212-777-9477,@vapianousa,8924,931,Pasta Pizza Bar. Mediterranean food fresh in-house daily,vapianotogo.com,FOUND
TADKA INDIAN RESTAURANT PIZZA AND SPORTS BAR,SAN FRANCISCO,94110,+1 415-580-7052,@tadkasf,503,65,Mission District. Best and Fresh indian food,tadkasf.com,FOUND
AMA CAFE,SAN FRANCISCO,94110,un,,,,,,NOT_FOUND
Momofuku Ssam Bar,NEW YORK,10003,+1 212-254-3500,,,,,,NOT_FOUND
J AND E RESTAURANT,SAN FRANCISCO,94110,+1 415-282-5177,,,,,,NOT_FOUND
VALENCIA,SAN FRANCISCO,94110,+1 415-641-4156,@valenciarestaurant,11,6,,,EMPTY_PROFILE
LAS DELICIAS PATISSERIE GLUTEN FREE BAKERY,NEW YORK,10003,+1 212-417-0044,@lasdeliciaspatisserie,2343,519,High End Gourmet Pastries NYC #GlutenFree,lasdeliciaspatisserie.com,FOUND
CHAGALL,NEW YORK,10003,+1 718-832-7188,,,,,,NOT_FOUND
STARBUCKS,NEW YORK,10003,+1 212-982-3753,@starbucks,17.7M,1159,Brand,starbucks.app.link,FOUND
ARABIAN NIGHTS,SAN FRANCISCO,94110,+1 415-648-4156,@arabiannightssf,14,1,Welcome to Arabian Nights,,EMPTY_PROFILE
MILLYS PIZZERIA,NEW YORK,10003,un,@millyspizzeria,0,1,,,EMPTY_PROFILE
PARK AVE CAKE,NEW YORK,10003,+1 212-473-2124,@parkavecake,1846,253,PHL/NJ location,,WRONG_PROFILE
PETIT CHOU,NEW YORK,10003,+1 917-475-1620,,,,,,NOT_FOUND
BAR,SAN FRANCISCO,94110,+1 415-863-4158,,,,,,NOT_FOUND
THE WATERING HOLE,NEW YORK,10003,+1 212-674-5783,,,,,,NOT_FOUND
PAMELA WARSHAY FITNESS,NEW YORK,10003,un,,,,,,NOT_FOUND
ARCADIA EARTH,NEW YORK,10003,un,@arcadiaearth,80.2K,1060,Immersive Journey Through Planet Earth,linktr.ee/arcadiaearth,FOUND
BAJI BAJI,NEW YORK,10003,+1 212-777-3888,,,,,,NOT_FOUND
EAST WAY GOURMET,NEW YORK,10003,+1 212-358-2123,,,,,,NOT_FOUND
RAMENWELL,SAN FRANCISCO,94110,+1 415-967-4159,@ramenwellsf,6991,257,Scrumptious Bowls of Ramen,www.ramenwell.com,FOUND
KNOCKOUT,SAN FRANCISCO,94110,+1 415-550-6994,@theknockoutsf,17.3K,8402,OG Safe Space Venue since 2005 Mission SF,theknockoutsf.com,FOUND
Moki s Sushi & Pacific Grill,SAN FRANCISCO,94110,+1 415-970-9335,,,,,,NOT_FOUND
STRINGS RAMEN,NEW YORK,10003,+1 646-609-6029,@stringsramen,21.4K,2610,First dedicated ramen shop in Chicago,linktr.ee/StringsRamen,WRONG_PROFILE
ODDFELLOWS ICE CREAM,NEW YORK,10003,un,@oddfellowsicecream,66.3K,3479,Born in Brooklyn now international,linktr.ee/oddfellowsicecream,FOUND
HORSIES SALOON,SAN FRANCISCO,94110,+1 415-550-6903,,,,,,NOT_FOUND
Bridges General,NEW YORK,10003,un,@bridgesgeneral,1031,50,Snacks drinks and other cool products,bridgesgeneral.com,FOUND
S & P LIQUOR & WINE CORPORATION,NEW YORK,10003,+1 212-475-2124,,,,,,NOT_FOUND
Academy For Software Engineering School,NEW YORK,10003,+1 212-253-3299,,,,,,NOT_FOUND
Egg White Cafe,San Francisco,94110,+1 415-658-7494,,,,,,NOT_FOUND
SUNNY DAY CREAMERY,SAN FRANCISCO,94110,un,@sunnydaycreamery,202,27,Your new favorite ice cream DELIVERING PINTS TILL 4AM,,FOUND
SALTBAE BURGER,NEW YORK,10003,+1 212-308-2110,@saltbaeburger,11,0,,,EMPTY_PROFILE
BARZOTTO,SAN FRANCISCO,94110,+1 415-285-4152,,,,,,NOT_FOUND
PEACE & TODA CORPORATION,NEW YORK,10003,+1 212-420-2124,,,,,,NOT_FOUND
10 BELOW ICE CREAM,NEW YORK,10003,un,,,,,,NOT_FOUND
MUTINY CAFE & STUDIO,SAN FRANCISCO,94110,+1 415-550-4155,,,,,,NOT_FOUND
EVERGREEN GARDEN RESTAURANT,SAN FRANCISCO,94110,+1 415-621-8531,,,,,,NOT_FOUND
MAURICE CORNER LIQUOR,SAN FRANCISCO,94110,+1 415-643-4330,,,,,,NOT_FOUND
SISTER JANE EAST SIDE TAVERN,NEW YORK,10003,+1 212-675-2126,@sisterjanenyc,821,445,EV neighborhood hang w/ yummy food spirits beer wine,sisterjanenyc.com,FOUND
LIL FRANKIES PIZZA,NEW YORK,10003,+1 212-420-2124,@lilfrankies,88K,1412,Neapolitan Restaurant 19 1st Ave NYC,linkin.bio/lilfrankies,FOUND
JULES BISTRO,NEW YORK,10003,+1 212-477-2124,@julesbistro,3554,1461,Vancouver British Columbia,www.julesbistro.ca,WRONG_PROFILE
UMI NO IE,NEW YORK,10003,+1 646-654-6466,,,,,,NOT_FOUND
OPTIMO CANDY,NEW YORK,10003,+1 212-777-2127,,,,,,NOT_FOUND
26TH GUERRERO,SAN FRANCISCO,94110,+1 415-282-4152,,,,,,NOT_FOUND
NEWKIRKS,SAN FRANCISCO,94110,un,,,,,,NOT_FOUND
ALAMO DRAFTHOUSE CINEMA,SAN FRANCISCO,94110,+1 415-549-5959,@alamodrafthouse,367,0,Alamo Drafthouse NYC,,WRONG_PROFILE
ZITA WINE BAR,SAN FRANCISCO,94110,+1 415-800-7418,@zitawinebar,921,141,Conscious Conversation Friendly Bar Curated Wine,,FOUND
UGLY KITCHEN,NEW YORK,10003,+1 212-777-2127,@uglykitchennyc,5000,771,Great food amazing drinks awesome community,,FOUND
GREENWICH HOUSE INC-SUBSTANCE ABUSE SVC,NEW YORK,10003,+1 212-677-2126,,,,,,NOT_FOUND
AKRON MEAT MARKETS,SAN FRANCISCO,94110,+1 415-824-4158,,,,,,NOT_FOUND
CIUDAD,SAN FRANCISCO,94110,un,,,,,,NOT_FOUND
ERISTAVI WINERY,SAN FRANCISCO,94110,+1 415-702-7029,@eristaviwinery,528,89,Georgian winery family traces back hundreds of years,eristaviwinery.com/winesandspirits,FOUND
LIMON,SAN FRANCISCO,94110,+1 415-821-4158,@limonsf,854,38,Limon Rotisserie San Francisco,limonrotisserie.com/menus,FOUND
7-Eleven,NEW YORK,10003,+1 631-655-6884,@7eleven,1M,1104,Some things just happen #OnlyAt7ELEVEn,linktr.ee/7_eleven,FOUND
NIZARIOS PIZZA,SAN FRANCISCO,94110,+1 415-776-4157,,,,,,NOT_FOUND
UNION SQUARE HOSPITALITY GROUP,New York,10003,+1 212-228-3585,@ushgnyc,54.7K,1833,Home to @gramercytavern @unionsquarecafe @manhatta_nyc,ushg.wgiftcard.com,FOUND
LEXINGTON STREET DISCO BALL,SAN FRANCISCO,94110,un,,,,,,NOT_FOUND
BERETTA,SAN FRANCISCO,94110,+1 415-695-1199,@berettasf,6647,24,SF staple. italian small plates pizza craft cocktails,linktr.ee/berettasf,FOUND
VESELKA RESTAURANT,NEW YORK,10003,+1 212-228-9682,@veselkanyc,42.6K,4442,Ukrainian Soul Food in the heart of NYC,linktr.ee/veselkanyc,FOUND
CHICKPEA,NEW YORK,10003,+1 212-228-2122,@chickpeanyc,3,0,,,EMPTY_PROFILE
COZY SOUP & BURGER INCORPORATED,NEW YORK,10003,+1 212-477-2124,,,,,,NOT_FOUND
LA SANTANECA DE LA MISSION,SAN FRANCISCO,94110,+1 415-285-2131,,,,,,NOT_FOUND
Sanbus s and J Deli,NEW YORK,10003,+1 212-254-0838,,,,,,NOT_FOUND
3RD COUSIN,SAN FRANCISCO,94110,+1 415-814-4158,,,,,,NOT_FOUND
PRINCE TEA HOUSE,NEW YORK,10003,+1 917-388-2778,@princeteahouse,37.2K,815,Local chain tea house 10 locations in USA,www.princeteahouse.com,FOUND
HOG AND ROCKS,SAN FRANCISCO,94110,+1 415-550-4155,@hogandrocks,1393,662,Closed April 14 2018,www.hogandrocks.com,FOUND
THNESIS MARKET,SAN FRANCISCO,94110,+1 415-824-6810,,,,,,NOT_FOUND
OUTER ORBIT,SAN FRANCISCO,94110,+1 415-206-4152,@outerorbitsf,2546,1169,Hapa-Hawaii Restaurant and Pinball,,FOUND
SUGOI SUSHI,SAN FRANCISCO,94110,+1 415-401-4154,,,,,,NOT_FOUND
Latino s Grocery,SAN FRANCISCO,94110,+1 415-648-3503,,,,,,NOT_FOUND
Zico Rest. Vent. / Crepe House,San Fran,94110,un,,,,,,NOT_FOUND
MISSION OYSTER BAR SEAFOOD RESTAURANT,SAN FRANCISCO,94110,+1 415-621-4156,,,,,,NOT_FOUND
PHILLY FRESH CHEESESTEAKS,NEW YORK,10003,un,,,,,,NOT_FOUND
Kung Fu Tea,NEW YORK,10003,+1 212-677-4517,@kungfuteausa,418K,2962,Americas Bubble Tea since 2010,linktr.ee/kungfutea_usa,FOUND
AFFORDABLE NEW YORK CITY,NEW YORK,10003,+1 212-533-4001,,,,,,NOT_FOUND
NEW YORK EYE AND EAR INFIRMARY,NEW YORK,10003,+1 212-979-2129,,,,,,NOT_FOUND
SKY ICE,NEW YORK,10003,un,,,,,,NOT_FOUND
STARBUCKS,NEW YORK,10003,+1 212-982-8426,@starbucks,17.7M,1159,Brand,starbucks.app.link,FOUND
YUCATASIA DELI & SANDWICH,SAN FRANCISCO,94110,+1 415-626-4156,,,,,,NOT_FOUND
FRIENDS SEMINARY,NEW YORK,10003,+1 212-979-2129,,,,,,NOT_FOUND
MAKE OUT ROOM,SAN FRANCISCO,94110,+1 415-647-4156,@makeoutroomsf,2500,500,SF venue 3225 22nd St,,FOUND
BRIO BAR,NEW YORK,10003,un,,,,,,NOT_FOUND
DUM,SAN FRANCISCO,94110,+1 650-619-6506,,,,,,NOT_FOUND
BLACK & WHITE,NEW YORK,10003,+1 212-253-2122,,,,,,NOT_FOUND
ALMANAC SAN FRANCISCO,SAN FRANCISCO,94110,+1 415-992-4159,,,,,,NOT_FOUND
FRANKIES KITCHEN INC,NEW YORK,10003,+1 212-353-2123,,,,,,NOT_FOUND
JAYS CHEESESTEAK,SAN FRANCISCO,94110,+1 415-285-5200,,,,,,NOT_FOUND
THE INN SAN FRANCISCO,SAN FRANCISCO,94110,+1 415-641-4156,,,,,,NOT_FOUND
CHERIN SUSHI,NEW YORK,10003,+1 212-388-1348,,,,,,NOT_FOUND
Fresco Gelateria,NEW YORK,10003,+1 212-677-6320,,,,,,NOT_FOUND
PROJECT RENEWAL MEDICALLY MONITORED SVC,NEW YORK,10003,+1 212-533-2125,,,,,,NOT_FOUND
886,NEW YORK,10003,+1 646-882-0231,,,,,,NOT_FOUND
Synergy School,SAN FRANCISCO,94110,+1 415-567-6177,,,,,,NOT_FOUND
DORADO TACOS,NEW YORK,10003,+1 212-627-2126,,,,,,NOT_FOUND
TACO ELECTRICO,NEW YORK,10003,+1 917-534-5958,,,,,,NOT_FOUND
FARMHOUSE KITCHEN THAI CUISINE,SAN FRANCISCO,94110,+1 415-814-4158,,,,,,NOT_FOUND
NYU KOSHER EATERY,NEW YORK,10003,un,,,,,,NOT_FOUND
H T 99 CENT OVER,SAN FRANCISCO,94110,+1 415-821-4158,,,,,,NOT_FOUND
SALADS HERE,NEW YORK,10003,un,,,,,,NOT_FOUND
ROASTOWN COFFEE,NEW YORK,10003,un,,,,,,NOT_FOUND
ABCV,NEW YORK,10003,+1 212-475-2124,@abcvnyc,53.3K,1248,Plant-based restaurant by @chefjgv,m.mtrbio.com/abcv,FOUND
CAFE ETHIOPIA,SAN FRANCISCO,94110,+1 415-285-2728,,,,,,NOT_FOUND
H Mart,New York,10003,un,@hmartofficial,326K,2620,Americas go-to destination for all things Asian,linktr.ee/hmart,FOUND
UDON WEST,NEW YORK,10003,+1 212-353-3888,,,,,,NOT_FOUND
500 CLUB THE,SAN FRANCISCO,94110,+1 415-861-4158,@500clubsf,1716,198,Bar,,FOUND
Sunrise Restaurant,SAN FRANCISCO,94110,+1 415-206-1219,,,,,,NOT_FOUND
True Laurel,San Francisco,94110,+1 415-341-0020,@truelaurelsf,19.1K,335,Bar. N.A. worlds #17 @50bestbars #64,truelaurelsf.com,FOUND
MI LINDO PERU RESTAURANT,SAN FRANCISCO,94110,+1 415-642-4156,@milindoperusf,632,30,Established 1996 Delivery or Pickup,milindoperu.com,FOUND
MISSION BOWLING CLUB,SAN FRANCISCO,94110,+1 415-863-2695,@missionbowlingclub,17.1K,2029,Boutique bowling alley + full bar + award-winning restaurant,linktr.ee/missionbowlingclub,FOUND
NAMU GAJI,SAN FRANCISCO,94110,+1 415-431-6268,,,,,,NOT_FOUND
Arena SF,SAN FRANCISCO,94110,+1 650-273-7468,,,,,,NOT_FOUND
DRUNKEN DUMPLING,NEW YORK,10003,un,,,,,,NOT_FOUND
CUCINA DI PESCE,NEW YORK,10003,+1 212-260-2122,@cucinadipesce,598,292,Restaurant. Pop Up Kitchen delivery through NOMAD,nomadny.com,FOUND
MANHATTAN COMPREHENSIVE NIGHT AND DAY HIGH SCHOOL,NEW YORK,10003,+1 212-353-2123,,,,,,NOT_FOUND
UNIVERSITY MKT PLACE,NEW YORK,10003,+1 212-929-2281,,,,,,NOT_FOUND
Ms 297 School,NEW YORK,10003,+1 917-678-8367,,,,,,NOT_FOUND
Outer Orbit,SAN FRANCISCO,94110,un,@outerorbitsf,2546,1169,Hapa-Hawaii Restaurant and Pinball,,FOUND
CVS PHARMACY,NEW YORK,10003,+1 212-260-3052,@cvspharmacy,302K,1509,Health/beauty. Healthier happens together,visitstore.bio/cvspharmacy,FOUND
HAUS COFFEE,SAN FRANCISCO,94110,+1 415-374-7353,@hauscoffee,401,113,,hauscoffee.com.ar,WRONG_PROFILE
BUTLER,NEW YORK,10003,un,,,,,,NOT_FOUND
ANTHOLOGY FILM ARCHIVES,NEW YORK,10003,un,@anthologyfilmarchives,99.3K,2508,Preserving & presenting films by visionaries radicals independents,linktr.ee/anthologyfilmarchives,FOUND
LITTLE NEPAL,SAN FRANCISCO,94110,+1 415-643-3881,,,,,,NOT_FOUND
GOLDEN EAGLE MARKET,SAN FRANCISCO,94110,+1 415-282-9737,,,,,,NOT_FOUND
AMSTERDAM BILLARDS AND BAR,NEW YORK,10003,+1 212-995-2129,,,,,,NOT_FOUND
RAYS GOURMET MARKET,NEW YORK,10003,+1 646-205-6462,,,,,,NOT_FOUND
TAQUERIA SAN FRANCISCO,SAN FRANCISCO,94110,+1 415-641-1770,,,,,,NOT_FOUND
MIUSA WINE BAR,NEW YORK,10003,un,,,,,,NOT_FOUND
JUNIOR,SAN FRANCISCO,94110,un,,,,,,NOT_FOUND
THE DONUT PUB,NEW YORK,10003,+1 646-974-1221,@thedonutpub,50K,542,Hand-Cut Donuts Open 24/7 Since 1964,donutpub.com,FOUND
FROZEN AGE,NEW YORK,10003,+1 646-654-6466,,,,,,NOT_FOUND
99 Favor Taste,NEW YORK,10003,+1 212-256-0480,,,,,,NOT_FOUND
TAQUERIA VALLARTA,SAN FRANCISCO,94110,+1 415-826-4158,,,,,,NOT_FOUND
UNIS DELI,SAN FRANCISCO,94110,+1 415-642-4156,,,,,,NOT_FOUND
PHOTO ALLIANCE,SAN FRANCISCO,94110,+1 415-781-8111,,,,,,NOT_FOUND
HALAL ALHAMBRA MEAT,SAN FRANCISCO,94110,+1 415-525-4155,,,,,,NOT_FOUND
HALAL FOOD CART,New York,10003,un,,,,,,NOT_FOUND
WANT BRANDING,NEW YORK,10003,+1 212-352-2123,,,,,,NOT_FOUND
CAFE MOCHA,NEW YORK,10003,+1 212-253-1046,,,,,,NOT_FOUND
INDIAN PALACE,SAN FRANCISCO,94110,+1 415-658-4156,,,,,,NOT_FOUND
EVERYMAN ESPRESSO,NEW YORK,10003,+1 212-533-0524,@everymanespresso,6361,2288,Damn Fine Coffee in the East Village and Park Slope,linktr.ee/everyman7,FOUND
PIRI PICA,SAN FRANCISCO,94110,un,,,,,,NOT_FOUND
Japonica,NEW YORK,10003,+1 212-243-7752,,,,,,NOT_FOUND
HOLY MOUNTAIN,SAN FRANCISCO,94110,+1 415-400-5699,,,,,,NOT_FOUND
WICHCRAFT,NEW YORK,10003,+1 212-780-0577,,,,,,NOT_FOUND
Bernal Supperclub,San Francisco,94110,un,,,,,,NOT_FOUND
TABLESIDE ITALIAN COOK SHOPPE,NEW YORK,10003,+1 646-852-6498,,,,,,NOT_FOUND
KABABAYAN FAST FOOD,SAN FRANCISCO,94110,+1 415-920-9635,,,,,,NOT_FOUND
PUNJAB RESTAURANT,SAN FRANCISCO,94110,+1 415-282-4011,,,,,,NOT_FOUND
ABC COCINA,New York,10003,un,@abccocina,14.7K,1270,Latin-inspired restaurant by @chefjgv,m.mtrbio.com/abc-cocina,FOUND
CHOP T CREATIVE SALAD COMPANY,NEW YORK,10003,+1 212-524-4619,,,,,,NOT_FOUND
HUDSON VIEW REST,NY,10003,un,,,,,,NOT_FOUND
New York City Department of Education,New York,10003,un,,,,,,NOT_FOUND
George s Market,SAN FRANCISCO,94110,+1 415-626-4323,@georgesmarket,220,14,,,WRONG_PROFILE
CALIFORNIA HOT PRESS INC,SAN FRANCISCO,94110,+1 415-814-4158,,,,,,NOT_FOUND
LE CAFE COFFEE,NEW YORK,10003,+1 212-365-2123,@lecafecoffee,9232,321,hand crafted delicious coffee and freshly baked pastries sandwiches,archinect.com/features/article/150325552,FOUND
NEW ALTERNATIVES CAFE,SAN FRANCISCO,94110,+1 415-826-4158,@newalternativescafe,1,3,Open Mon-Fri 6 a.m - 3 p.m. For breakfast and lunch,,FOUND
CHAYA,SAN FRANCISCO,94110,+1 415-252-7825,,,,,,NOT_FOUND
BIRITE CREAMERY,San Francisco,94110,+1 415-626-5600,@biritecreamery,8469,862,"We aim to make you smile by crafting the best tasting ice cream from local, responsible ingredients",linktr.ee/biritecreamery,FOUND
SCHMIDTS,SAN FRANCISCO,94110,+1 415-401-4154,,,,,,NOT_FOUND
il laboratorio del gelato,New York,10003,+1 212-343-9922,,,,,,NOT_FOUND
STMARK FOOD CORPORATION,NEW YORK,10003,un,,,,,,NOT_FOUND
CAVA22,SAN FRANCISCO,94110,+1 415-642-7224,@cava22sf,554,50,C22 Restaurant Bar-Mexican Food,cdn.flowcode.com/prodassets/Cava_22_menu,FOUND
CAMPOS CAFE,SAN FRANCISCO,94110,un,@camposcafe,0,0,,,EMPTY_PROFILE
DESTAPAS,SAN FRANCISCO,94110,+1 510-566-5105,,,,,,NOT_FOUND
BARNJOO 35,NEW YORK,10003,un,,,,,,NOT_FOUND
D B G B KITCHEN & BAR,NEW YORK,10003,+1 212-933-5300,@dbgbkitchen,15,1,,,EMPTY_PROFILE
Momofuku Noodle Bar,NEW YORK,10003,+1 212-777-7773,@momofukunoodlebar,77800,557,est. 2004 east village uptown nationwide shipping on @goldbelly,opentable.com/booking/experiences-availability,FOUND
GRAFFITI GRAFFITI EARTH ME & YOU,NEW YORK,10003,+1 212-464-2124,@graffitiearth,288,5,,www.graffitiearthy.com,FOUND
BRASSERIE SAINT JAMES,SAN FRANCISCO,94110,+1 415-655-4156,,,,,,NOT_FOUND
FRISSON ESPRESSO,NEW YORK,10003,+1 646-490-6464,@frissonespresso,6372,3217,"Coffee shop, FRANCHISE OPPORTUNITY, 405 W44th st NEW YORK",frissonespresso.co,FOUND
ROSAMUNDE SAUSAGE GRILL,SAN FRANCISCO,94110,+1 415-970-9015,@rosamundesf,3184,911,Delicious grilled-to-order sausages & craft beer since 1998 San Francisco,www.rosamundesausagegrill.com,FOUND
MENDL,NEW YORK,10003,+1 212-533-2125,,,,,,NOT_FOUND
DORADO TACOS & CEMITAS,NEW YORK,10003,+1 212-627-0900,@doradotacos,1,0,,,EMPTY_PROFILE
LOVE MAMAK,New York,10003,+1 212-505-1668,@lovemamak,142,30,lovemamak,www.lovemamak.com,FOUND
B BAR & GRILL,NEW YORK,10003,+1 212-475-2124,,,,,,NOT_FOUND
CAFE VALENCIA SAN FRANCISCO,SAN FRANCISCO,94110,+1 415-641-3066,,,,,,NOT_FOUND
SMASHMOUTH BURGERS,SAN FRANCISCO,94110,un,@smashmouthburgers,2285,1289,"Restaurant, Double Patty Delights",smashmouth302.com,FOUND
SOLAS,NEW YORK,10003,+1 212-375-2123,,,,,,NOT_FOUND
COZY SOUP & BURGER,NEW YORK,10003,+1 212-477-5566,,,,,,NOT_FOUND
Rosa Mexicano,NEW YORK,10003,+1 212-533-3350,@rosamexicano,50000,1799,Authentic Mexican Cuisine since 1984,go.momos.com/rosamexicano,FOUND
The Bronx Brewery & Empanology,new york,10003,+1 516-313-4240,@thebronxbrewery,60000,3537,"Pouring beer and vibes, The Bronx & Hudson Yards, @empanology",linktr.ee/thebronxbrewery,FOUND
FAT CAT KITCHEN,NEW YORK,10003,un,@fatcatkitchen,1436,432,"NYC Bakery Cafe Chef-Owned, 223 E 14th Street",fatcatkitchen.com,FOUND
PADO,NEW YORK,10003,+1 646-476-6464,,,,,,NOT_FOUND
MAN VS FRIES,SAN FRANCISCO,94110,un,@manvsfries,53700,908,"Restaurant, Started by one mans love for fries",doordash.com/business/man-vs-fries,FOUND
TACOS LOS ALTOS,SAN FRANCISCO,94110,+1 415-821-0701,,,,,,WRONG_PROFILE
Kung Fu Tea,NEW YORK,10003,+1 917-285-4285,@kungfuteausa,418000,2966,"Bubble Tea Shop, Americas Bubble Tea since 2010",linktr.ee/kungfutea_usa,FOUND
Panchitas Pupuseria,SAN FRANCISCO,94110,+1 415-913-7273,@panchitaspupuseria,2420,48,"Restaurant, Puro sabor salvadoreno, SF",panchitaspupuseria.com,FOUND
KABABAYAN FAST FOOD,SAN FRANCISCO,94110,+1 415-920-4159,@kababayanfastfood,39,0,,,EMPTY_PROFILE
321 ICE CREAM SHOP,NEW YORK,10003,+1 929-228-9292,,,,,,NOT_FOUND
CAFE ETHIOPIA,SAN FRANCISCO,94110,+1 415-285-4152,,,,,,NOT_FOUND
GEMMA RESTAURANT,NEW YORK,10003,+1 212-505-2125,,,,,,NOT_FOUND
ASLAMS RASOI,SAN FRANCISCO,94110,+1 415-695-4156,@aslamsrasoi,316,2,Restaurant,www.aslamsrasoi.com,FOUND
BLUE PLATE,SAN FRANCISCO,94110,+1 415-282-6777,@blueplatesf,13.8K,571,,,FOUND
Curio,San Francisco,94110,+1 415-551-7306,,,,,,NOT_FOUND
JK & SONS COFFEE SHOP,NEW YORK,10003,,,,,,,NOT_FOUND
SIGIRI SRI LANKA RESTAURANT,NEW YORK,10003,+1 212-614-2126,,,,,,NOT_FOUND
CALIFORNIOS,SAN FRANCISCO,94110,+1 415-757-4157,@californiossf,30.2K,43,,,FOUND
AL CARBON TACO,NEW YORK,10003,+1 917-645-9176,,,,,,NOT_FOUND
Double Zero,NEW YORK,10003,+1 404-991-3666,,,,,,EMPTY_PROFILE
OUTLAW BURGER,SAN FRANCISCO,94110,,,,,,,NOT_FOUND
MOTZE,SAN FRANCISCO,94110,+1 415-487-4154,,,,,,NOT_FOUND
Sorrel,SAN FRANCISCO,94110,+1 303-931-2870,,,,,,NOT_FOUND
THE BIG MELT,SAN FRANCISCO,94110,,,,,,,NOT_FOUND
BAR VERDE,NEW YORK,10003,+1 212-777-2127,,,,,,NOT_FOUND
CHAPALA MEXICAN RESTAURANT,San Francisco,94110,+1 1234567890,,,,,,NOT_FOUND
CHILI CHA CHA 2,SAN FRANCISCO,94110,+1 415-829-2960,,,,,,NOT_FOUND
ABRUZZO DOCG,NEW YORK,10003,+1 212-228-2122,,,,,,NOT_FOUND
Hui Fu Chinese Cuisine,New York,10003,+1 212-358-8898,,,,,,NOT_FOUND
UPTOWN,SAN FRANCISCO,94110,+1 415-861-8231,,,,,,NOT_FOUND
ALNICO,SAN FRANCISCO,94110,+1 415-757-0889,,,,,,NOT_FOUND
STREECHA,New York,10003,+1 212-677-7160,@streecha,14.9K,649,Food & beverage,,FOUND
LENWICH,NEW YORK,10003,+1 212-353-0300,@lenwich,16.5K,1432,,,FOUND
Cloister s Cafe On E 9Th St,NEW YORK,10003,+1 212-777-9128,,,,,,NOT_FOUND
INK PIZZA CORP,NEW YORK,10003,+1 212-614-2126,@inkpizza,4,1,,,EMPTY_PROFILE
MEL S MELTS,NEW YORK,10003,,,,,,,NOT_FOUND
ESPERPENTO RESTAURANT,SAN FRANCISCO,94110,+1 415-282-4152,@esperpento,1,0,,,EMPTY_PROFILE
DIG INN SEASONAL MARKET,NEW YORK,10003,+1 646-905-5999,@diginn,64.8K,1353,,,FOUND
THREE HUNDRED FORTY TWO RESTAURANT,NEW YORK,10003,+1 646-895-6468,,,,,,NOT_FOUND
CAFE LA BOHEME,SAN FRANCISCO,94110,+1 415-643-4156,@cafelaboheme,3,0,,,EMPTY_PROFILE
JOE & PATS BAKERY & COFFEE,SAN FRANCISCO,94110,+1 415-655-4156,,,,,,NOT_FOUND
Sauce Pizzeria,New York,10003,+1 646-983-4007,,,,,,NOT_FOUND
BAGEL BOSS,NEW YORK,10003,+1 212-388-9292,@bagelboss,12.2K,2095,Bagel Shop EST 1975,linktr.ee/bagelboss,FOUND
HAWKERS,NEW YORK,10003,+1 212-982-2129,@eathawkers,79.4K,1588,,,FOUND
14 STREET HALAL FOOD,NEW YORK,10003,un,,,,,,NOT_FOUND
WASAN,NEW YORK,10003,+1 212-777-2127,,,,,,NOT_FOUND
LITTLE KITE,SAN FRANCISCO,94110,+1 415-285-4152,,,,,,NOT_FOUND
BARCADE,NEW YORK,10003,+1 212-388-0522,@barcade,98.8K,5268,The Original Arcade Bar in all its glory - since 2004! Nine awesome bars in NYC LA Philly New Haven & Detroit!,barcade.com,FOUND
PETES BARBEQUE,SAN FRANCISCO,94110,+1 415-826-4158,,,,,,NOT_FOUND
SAKE BAR DECIBEL,NEW YORK,10003,+1 212-979-2733,,,,,,NOT_FOUND
CAFE LA TAZA,SAN FRANCISCO,94110,+1 415-824-4158,,,,,,NOT_FOUND
CALIFORNIA FOOD MARKET,SAN FRANCISCO,94110,+1 415-821-3819,,,,,,NOT_FOUND
MAU RESTAURANT,SAN FRANCISCO,94110,+1 415-934-4159,@maurestaurant,21,10,Located in Hanoi Old Quarter Vietnam - not SF,maurestaurantvietnamescuisine.business.site,WRONG_PROFILE
POKE SPOT (THE),NEW YORK,10003,+1 917-348-9173,@thepokespot,1,0,,,EMPTY_PROFILE
THE MORRIS,SAN FRANCISCO,94110,+1 415-408-4154,,,,,,NOT_FOUND
STUYVESANT SQ LIQUORS,NEW YORK,10003,+1 212-473-2124,,,,,,NOT_FOUND
16 ASIAN,NEW YORK,10003,+1 212-505-2125,,,,,,NOT_FOUND
ENERGIZE JUICE,NEW YORK,10003,+1 212-674-2126,,,,,,NOT_FOUND
Bean NYC,NEW YORK,10003,+1 212-432-2900,,,,,,NOT_FOUND
76,SAN FRANCISCO,94110,+1 415-861-3370,,,,,,NOT_FOUND
ARINELL PIZZA,SAN FRANCISCO,94110,+1 415-255-1303,@arinellpizza,182,7,The Official Big Slice,arinell-pizza.com,FOUND
LA MEXICANA BAKERY,SAN FRANCISCO,94110,+1 415-648-4156,,,,,,NOT_FOUND
SMITTEN ICE CREAM,SAN FRANCISCO,94110,+1 209-640-2432,@smittenicecream,23.9K,2100,In the Spirit of Ice Cream We Choose LOVE! Always Freshly-Churned just for YOU! San Francisco & San Jose,smittenicecream.com,FOUND
LAS COCINERAS RESTAURANT,SAN FRANCISCO,94110,+1 415-240-4152,,,,,,NOT_FOUND
LA ESBIGA ORO,SAN FRANCISCO,94110,+1 415-826-4158,,,,,,NOT_FOUND
GGP MARKET,SAN FRANCISCO,94110,+1 415-821-4158,,,,,,NOT_FOUND
Risotteria Melotti,NEW YORK,10003,+1 646-755-8939,,,,,,NOT_FOUND
PAULS PLACE,NEW YORK,10003,+1 212-529-3033,,,,,,NOT_FOUND
SAHARA CITI RESTAURANT,NEW YORK,10003,+1 212-539-2125,,,,,,NOT_FOUND
BOCCA,NEW YORK,10003,+1 212-387-2123,,,,,,NOT_FOUND
TRATTORIA IL MULINO,NEW YORK,10003,+1 212-777-2127,,,,,,NOT_FOUND
LA SULTANA CAFE,NEW YORK,10003,+1 212-228-7678,,,,,,NOT_FOUND
ARTE RESTAURANT,NEW YORK,10003,+1 212-473-0077,,,,,,NOT_FOUND
ARTE RESTAURANT,NEW YORK,10003,un,,,,,,NOT_FOUND
BURGER KING,SAN FRANCISCO,94110,+1 415-641-9885,,,,,,NOT_FOUND
ESCAPE FROM NEW YORK PIZZA,SAN FRANCISCO,94110,+1 415-206-0555,@escapefromnewyorkpizza,70,2,,escapefromnewyorkpizza.com,FOUND
ROCK BAR,SAN FRANCISCO,94110,+1 415-550-4155,,,,,,NOT_FOUND
23RD,SAN FRANCISCO,94110,+1 415-285-4152,,,,,,NOT_FOUND
Private Business,San Francisco,94110,un,,,,,,NOT_FOUND
PIZZERIA BRAVO,SAN FRANCISCO,94110,un,,,,,,NOT_FOUND
STABLE CAFE,SAN FRANCISCO,94110,+1 415-552-1199,@stablecafe,8183,644,Tuesday-Sunday 8-3pm. Please inquire about private events. 2128 Folsom St San Francisco California 94110,stablecafe.com,FOUND
CLAY POT,NEW YORK,10003,+1 646-434-6464,,,,,,NOT_FOUND
MANIVANH THAI RESTAURANT,SAN FRANCISCO,94110,+1 415-824-4158,,,,,,NOT_FOUND
MOCHA RED STEAKHOUSE AND MIXOLOGY BAR,NEW YORK,10003,+1 212-419-8889,,,,,,NOT_FOUND
SHISH KE BABA,SAN FRANCISCO,94110,+1 415-926-8955,,,,,,NOT_FOUND
AVENUE,NEW YORK,10003,+1 212-337-2123,,,,,,NOT_FOUND
WALGREENS,NEW YORK,10003,+1 212-358-8206,,,,,,NOT_FOUND
F & G GROCERY,SAN FRANCISCO,94110,+1 415-285-4152,,,,,,NOT_FOUND
Mi Tea,NEW YORK,10003,un,,,,,,NOT_FOUND
CAPP ST PAPUSAS,SAN FRANCISCO,94110,un,,,,,,NOT_FOUND
R IMAGE,SAN FRANCISCO,94110,+1 415-648-4156,,,,,,NOT_FOUND
CHAAM,NEW YORK,10003,+1 212-228-2122,,,,,,NOT_FOUND
URBAN PUTT,SAN FRANCISCO,94110,+1 415-341-4153,@urbanputt,4189,184,Urban Putt San Francisco,,FOUND
CMH BBQ HOLDINGS LLC,NEW YORK,10003,+1 212-677-2126,,,,,,NOT_FOUND
TAQUERIA CANCUN,SAN FRANCISCO,94110,+1 415-550-1414,@taqueriacancunsf,616,,Restaurant,,FOUND
BALOMPIE CAFE NO 3,SAN FRANCISCO,94110,+1 415-647-4000,,,,,NOT_FOUND,NOT_FOUND
SHARAKU,New York,10003,+1 212-598-0403,,,,,NOT_FOUND,NOT_FOUND
12TH STREET ALE HOUSE,NEW YORK,10003,+1 212-253-2323,,,,,NOT_FOUND,NOT_FOUND
WALGREENS,SAN FRANCISCO,94110,+1 415-285-1576,,,,,NOT_CHECKED,NOT_CHECKED
CALA FOODS,SAN FRANCISCO,94110,+1 415-282-0514,,,,,NOT_CHECKED,NOT_CHECKED
EQUINOX FITNESS CLUBS,NEW YORK,10003,+1 212-677-0180,,,,,NOT_CHECKED,NOT_CHECKED
METRONICS,SAN FRANCISCO,94110,+1 415-826-4158,,,,,NOT_CHECKED,NOT_CHECKED
Media Noche,SAN FRANCISCO,94110,+1 415-655-3904,@medianochesf,5338,,Cuban sandwich shop,,FOUND
PRUBECHU,SAN FRANCISCO,94110,+1 415-853-0671,@prubechusf,10800,,Chamorro cuisine SF,,FOUND
BAAR BAAR,NEW YORK,10003,un,@baarbaarnyc,74600,1023,Indian love affair,baarbaarnyc.com,FOUND
FLAIR LOUNGE,NEW YORK,10003,un,,,,,NOT_FOUND,NOT_FOUND
SAN FRANCISCO GENERAL HOSPITAL PREOP ANESTHESIA CLINIC,SAN FRANCISCO,94110,+1 415-206-5693,,,,,NOT_CHECKED,NOT_CHECKED
JASMINE TEA HOUSE,SAN FRANCISCO,94110,+1 415-826-4158,,,,,NOT_FOUND,NOT_FOUND
CHAVITAS MEXICAN RESTAURANT,SAN FRANCISCO,94110,+1 415-285-6927,,,,,NOT_FOUND,NOT_FOUND
BAOHAUS RESTAURANT,NEW YORK,10003,+1 646-669-6466,@baohausnyc,37200,,Restaurant,,FOUND
DOLORES PARK CAFE,SAN FRANCISCO,94110,+1 415-621-2936,,,,,NOT_FOUND,NOT_FOUND
BOILER ROOM,NEW YORK,10003,+1 212-254-7536,,,,,NOT_FOUND,NOT_FOUND
Al s Deli,San Francisco,94110,un,,,,,NOT_FOUND,NOT_FOUND
JUICEGO,NEW YORK,10003,un,,,,,NOT_FOUND,NOT_FOUND
BRUNO PIZZA,NEW YORK,10003,+1 212-598-2125,,,,,NOT_FOUND,NOT_FOUND
TAJ RESTAURANT INCORPORATED,NEW YORK,10003,+1 212-505-2125,,,,,NOT_FOUND,NOT_FOUND
Shuko,NEW YORK,10003,+1 212-228-6088,@shukonyc,18100,,Omakase,,FOUND
International High School At Union Square School,NEW YORK,10003,+1 212-533-2560,,,,,NOT_CHECKED,NOT_CHECKED
SANDWICHERIE,NEW YORK,10003,+1 646-649-5400,,,,,NOT_FOUND,NOT_FOUND
TRADER JOE???S WINE SHOP,NEW YORK,10003,+1 212-529-2125,,,,,NOT_CHECKED,NOT_CHECKED
OLIVIAS MEXICAN POLYNISIAN,SAN FRANCISCO,94110,+1 415-970-4159,,,,,NOT_FOUND,NOT_FOUND
THE SYCAMORE KITCHEN,SAN FRANCISCO,94110,+1 415-252-7704,,,,,NOT_FOUND,NOT_FOUND
HORATIOS,SAN FRANCISCO,94110,+1 415-826-4158,,,,,NOT_FOUND,NOT_FOUND
SMZ IMPEX INC,NEW YORK,10003,+1 212-475-7521,,,,,NOT_CHECKED,NOT_CHECKED
4TH STREET FOOD CO-OP,NEW YORK,10003,+1 212-674-2126,,,,,NOT_FOUND,NOT_FOUND
BOKA,NEW YORK,10003,+1 646-678-5796,,,,,NOT_FOUND,NOT_FOUND
MONSTER MAC,SAN FRANCISCO,94110,un,,,,,NOT_FOUND,NOT_FOUND
BERNAL HEIGHTS RETIREMENT HOME,SAN FRANCISCO,94110,+1 415-826-4158,,,,,NOT_CHECKED,NOT_CHECKED
Vivi Bubble Tea,NEW YORK,10003,+1 212-777-3698,@vivibubbletea,9402,,Bubble tea,,FOUND
VINTAGE IRVING,NEW YORK,10003,+1 212-677-6300,,,,,NOT_FOUND,NOT_FOUND
BRAZEN FOX KITCHEN AND BAR,NEW YORK,10003,un,,,,,NOT_FOUND,NOT_FOUND
Angel s Share,NEW YORK,10003,+1 212-777-5415,@angelsshare,,,Wrong profile - yoga teacher,,WRONG_PROFILE
The Dumpling Shop,New York,10003,+1 917-388-3782,,,,,NOT_FOUND,NOT_FOUND
AVENUE FRUIT,NEW YORK,10003,+1 212-730-2127,,,,,NOT_CHECKED,NOT_CHECKED
ROI RESEARCH,NEW YORK,10003,+1 212-691-2126,,,,,NOT_CHECKED,NOT_CHECKED
CRESCENT RESTAURANT,SAN FRANCISCO,94110,+1 415-487-4154,,,,,NOT_FOUND,NOT_FOUND
CHAVAS RESTAURANT,SAN FRANCISCO,94110,+1 415-282-0283,,,,,NOT_FOUND,NOT_FOUND
F & G Grocery,SAN FRANCISCO,94110,+1 415-285-2542,,,,,NOT_CHECKED,NOT_CHECKED
CENTRAL BAR,NEW YORK,10003,+1 212-529-5333,,,,,NOT_FOUND,NOT_FOUND
JOHNS RESTAURANT,NEW YORK,10003,+1 212-475-2124,,,,,NOT_FOUND,NOT_FOUND
CAULIFLOWER PIZZA KITCHEN,SAN FRANCISCO,94110,un,,,,,NOT_FOUND,NOT_FOUND
CITYLORE:  NEW YORK CENTER FOR URBAN FOLK,NEW YORK,10003,+1 212-529-2125,,,,,NOT_CHECKED,NOT_CHECKED
SUBWAY,NEW YORK,10003,+1 212-777-8622,,,,,NOT_CHECKED,NOT_CHECKED
YUMMY DUMPLING,NEW YORK,10003,+1 646-963-6469,,,,,NOT_FOUND,NOT_FOUND
FINNERTYS IRISH PUB,NEW YORK,10003,+1 212-677-2126,,,,,NOT_FOUND,NOT_FOUND
BEBE FRITAY RESTAURANT,NEW YORK,10003,+1 718-676-7186,,,,,NOT_FOUND,NOT_FOUND
KENKA,NEW YORK,10003,+1 212-254-2122,,,,,NOT_FOUND,NOT_FOUND
CHAT N CHEW,NEW YORK,10003,un,,,,,NOT_FOUND,NOT_FOUND
EMILYS SPAGHETTI SHACK,SAN FRANCISCO,94110,+1 415-206-4152,,,,,NOT_FOUND,NOT_FOUND
REGAL CINEMAS,NEW YORK,10003,+1 844-462-7342,,,,,NOT_CHECKED,NOT_CHECKED
Tartine Manufactory,SAN FRANCISCO,94110,+1 415-757-0007,@tartinemanufactory,93200,,Bakery and restaurant,tartinemanufactory.com,FOUND
TONE CAFE,NEW YORK,10003,+1 212-882-2128,,,,,NOT_FOUND,NOT_FOUND
MEETFRESH,NEW YORK,10003,un,,,,,NOT_FOUND,NOT_FOUND
OddFellows Ice Cream Co,NEW YORK,10003,+1 917-475-1812,@oddfellowsicecream,66300,3480,Curiously crafted ice cream,linktr.ee/oddfellowsicecream,FOUND
Little Bee Baking,SAN FRANCISCO,94110,+1 415-595-4744,,,,,NOT_FOUND,NOT_FOUND
JOHN OCONNELL ALTERNATIVE HIGH,SAN FRANCISCO,94110,+1 415-695-4156,,,,,NOT_CHECKED,NOT_CHECKED
IGGYS PIZZERIA,NEW YORK,10003,+1 212-353-2123,,,,,NOT_FOUND,NOT_FOUND
DAHLIAS,NEW YORK,10003,un,,,,,NOT_FOUND,NOT_FOUND
The Pizza Place,SAN FRANCISCO,94110,+1 415-824-1840,,,,,NOT_FOUND,NOT_FOUND
SAINTS TAVERN RESTAURANT,NEW YORK,10003,+1 212-477-2124,,,,,NOT_FOUND,NOT_FOUND
XANATH ICE CREAM,SAN FRANCISCO,94110,+1 415-648-8996,@xanathicecream,41,5,Ice cream,,FOUND
RITUAL COFFEE ROASTERS,SAN FRANCISCO,94110,+1 415-641-4156,@ritualcoffee,60600,,Coffee roasters,,FOUND
RAKIRAKI RAMEN,SAN FRANCISCO,94110,+1 858-573-8585,@rakirakiramen,37200,2238,Ramen restaurant,order.online/rakiraki,FOUND
MANHATTAN SCHOOL FOR CAREER DEVELOPMENT,NEW YORK,10003,+1 212-477-2124,,,,,NOT_CHECKED,NOT_CHECKED
The Eddy,NEW YORK,10003,+1 646-895-9884,@theeddynyc,3195,476,Restaurant,resy.com,FOUND
Il Mulino Prime - Gramercy,NEW YORK,10003,+1 212-777-5314,@ilmulinoprime,3167,695,Italian steakhouse,,FOUND
SOHO TIFFIN JUNCTION,NEW YORK,10003,+1 917-514-9175,,,,,NOT_FOUND,NOT_FOUND
WCOU RADIO,NEW YORK,10003,+1 212-254-2122,,,,,NOT_CHECKED,NOT_CHECKED
MATRIX FITNESS,NEW YORK,10003,+1 212-353-8677,,,,,NOT_CHECKED,NOT_CHECKED
DRAGON CITY BAKERY & CAFE,SAN FRANCISCO,94110,+1 415-821-4158,,,,,NOT_FOUND,NOT_FOUND
HISAES,NEW YORK,10003,un,,,,,NOT_FOUND,NOT_FOUND
DALLAS BBQ,NEW YORK,10003,+1 212-777-5574,@dallasbbq,51900,1428,BBQ restaurant,qrco.de/BBQUP,FOUND
AGAVI ORGANIC JUICE BAR,NEW YORK,10003,+1 212-390-2123,,,,,NOT_FOUND,NOT_FOUND
Nolita Pizza,New York,10003,+1 646-756-4141,,,,,NOT_FOUND,NOT_FOUND
NOTRE DAME SENIOR PLAZA,SAN FRANCISCO,94110,+1 415-437-4154,,,,,NOT_CHECKED,NOT_CHECKED
JOSIE WOODS PUB AND RESTAURANT,NEW YORK,10003,+1 212-228-9909,,,,,NOT_FOUND,NOT_FOUND
SANFORD BROWN INSTITUTE,NEW YORK,10003,+1 646-313-4519,,,,,NOT_CHECKED,NOT_CHECKED
SOUVLA,SAN FRANCISCO,94110,+1 415-400-5458,@souvla,28900,,Greek restaurant,souvla.com,FOUND
NOETECA,SAN FRANCISCO,94110,+1 415-377-4153,,,,,NOT_FOUND,NOT_FOUND
EVERGREEN SUPER MARKET,SAN FRANCISCO,94110,+1 415-641-4506,,,,,NOT_CHECKED,NOT_CHECKED
PAY N SAVE GROCERY,SAN FRANCISCO,94110,+1 415-255-3076,,,,,NOT_CHECKED,NOT_CHECKED
ABRACO ESPRESSO,New York,10003,+1 212-388-9731,,,,,NOT_FOUND,NOT_FOUND
RAMEN TAKUMI,NEW YORK,10003,+1 212-229-2122,,,,,NOT_FOUND,NOT_FOUND
Pete s Barbeque,SAN FRANCISCO,94110,+1 415-826-1009,,,,,NOT_FOUND,NOT_FOUND
SHIN RESTAURANT INCORPORATED,NEW YORK,10003,+1 212-228-2122,,,,,NOT_FOUND,NOT_FOUND
Zee Smoke & Convenience,NEW YORK,10003,+1 212-777-7466,,,,,NOT_CHECKED,NOT_CHECKED
JOLI BEAUTY BAR LLC,NEW YORK,10003,+1 212-475-2124,,,,,NOT_CHECKED,NOT_CHECKED
LORENZO S OF NEW YORK PIZZA,SAN FRANCISCO,94110,un,,,,,NOT_FOUND,NOT_FOUND
NEW RESTAURANT TENTATIVELY CALLED ABC HO,NEW YORK,10003,un,,,,,NOT_FOUND,NOT_FOUND
GUPSHUP,NEW YORK,10003,+1 917-261-9172,@gupshupnyc,34300,1025,Halal upscale Indian,resy.com,FOUND
B& H RESTAURANT,NEW YORK,10003,+1 212-475-2124,,,,,NOT_FOUND,NOT_FOUND
PICCOLA STRADA RESTAURANT,NEW YORK,10003,+1 212-674-2126,,,,,NOT_FOUND,NOT_FOUND
The Penny Farthing,NEW YORK,10003,+1 212-387-7300,,,,,NOT_FOUND,NOT_FOUND
NUM PANG,NEW YORK,10003,un,@numpangkitchen,12900,1894,Sandwiches,,FOUND
ARMY STREET,SAN FRANCISCO,94110,+1 415-826-4158,,,,,NOT_CHECKED,NOT_CHECKED
RISOTTERIA MELOTTI,NEW YORK,10003,+1 646-755-6467,,,,,NOT_FOUND,NOT_FOUND
BLUE RIBBON FRIED CHICKEN,NEW YORK,10003,+1 917-265-8737,,,,,NOT_FOUND,NOT_FOUND
ROCKHOUSE HOTEL,NEW YORK,10003,+1 646-762-6467,,,,,NOT_FOUND,NOT_FOUND
CITY CINEMAS VILLAGE EAST,NEW YORK,10003,+1 212-529-6998,,,,,NOT_CHECKED,NOT_CHECKED
Tac N Roll,NEW YORK,10003,+1 212-353-0800,,,,,NOT_FOUND,NOT_FOUND
CLARES DELI,SAN FRANCISCO,94110,+1 415-621-3505,,,,,NOT_FOUND,NOT_FOUND
FRESCO GELATERIA,NEW YORK,10003,+1 212-677-2126,,,,,NOT_FOUND,NOT_FOUND
Bacon Dog Cart,San Francisco,94110,un,,,,,NOT_FOUND,NOT_FOUND
LITTLE SPOT CAFE,SAN FRANCISCO,94110,+1 415-550-4155,,,,,NOT_FOUND,NOT_FOUND
BEECHER S HANDMADE CHEESE,NEW YORK,10003,+1 212-466-3340,,,,,NOT_FOUND,NOT_FOUND
O CAFE,NEW YORK,10003,un,,,,,NOT_FOUND,NOT_FOUND
VILLAGE TAVERNA GREEK GRILL,NEW YORK,10003,+1 212-982-2129,,,,,NOT_FOUND,NOT_FOUND
DOS TOROS TAQUERIA,NEW YORK,10003,+1 212-677-7300,@dostoros,73000,2728,Bay Area taqueria NYC & DC,dostoros.com/rewards,FOUND
Mom s Bakery,SAN FRANCISCO,94110,+1 415-817-1540,,,,,NOT_FOUND,NOT_FOUND
LE MI DI,NEW YORK,10003,+1 212-255-2122,,,,,NOT_FOUND,NOT_FOUND
UNION SQUARE CATERING FACILTY,NEW YORK,10003,+1 212-645-1802,,,,,NOT_CHECKED,NOT_CHECKED
SHAKE SHACK,NEW YORK,10003,+1 646-747-6467,@shakeshack,900000,7159,Born in NYC crinkle cuts,linkin.bio/shakeshack,FOUND
LA MAISON DU CROQUE MONSIEUR,NEW YORK,10003,+1 212-675-2126,,,,,NOT_FOUND,NOT_FOUND
MUD,NEW YORK,10003,+1 212-228-9074,,,,,NOT_FOUND,NOT_FOUND
THIN PLACE,SAN FRANCISCO,94110,+1 415-553-4155,,,,,NOT_FOUND,NOT_FOUND
OSITO,SAN FRANCISCO,94110,+1 415-817-1585,,,,,NOT_FOUND,NOT_FOUND
TACOLICIOUS,SAN FRAN,94110,+1 415-346-1966,@tacolicious,16300,3410,Restaurant,tacolicious.com,FOUND
SENYA,NEW YORK,10003,+1 212-995-5278,,,,,NOT_FOUND,NOT_FOUND
BIAN DANG,NEW YORK,10003,+1 347-987-3769,,,,,NOT_FOUND,NOT_FOUND
Friends Seminary,NEW YORK,10003,+1 212-979-5035,,,,,NOT_CHECKED,NOT_CHECKED
Azuki Sushi,NEW YORK,10003,+1 212-228-3611,,,,,NOT_FOUND,NOT_FOUND
CELLAR DWELLERS,NEW YORK,10003,+1 646-654-6466,,,,,NOT_FOUND,NOT_FOUND
HAPPY MOOSE JUICE,SAN FRANCISCO,94110,+1 704-876-7048,,,,,NOT_FOUND,NOT_FOUND
AMERICANA PIZZA,SAN FRANCISCO,94110,un,,,,,NOT_FOUND,NOT_FOUND
ARABIAN NIGHTS,SAN FRANCISCO,94110,+1 415-648-1444,,,,,NOT_FOUND,NOT_FOUND
FAYES VIDEO,SAN FRANCISCO,94110,+1 415-522-4155,,,,,NOT_CHECKED,NOT_CHECKED
BOWERY BAR,NEW YORK,10003,+1 212-475-2124,,,,,NOT_FOUND,NOT_FOUND
LE COQ RICO,NEW YORK,10003,+1 212-267-2122,,,,,NOT_FOUND,NOT_FOUND
JAVA SUPREME,SAN FRANCISCO,94110,+1 415-206-1832,,,,,NOT_FOUND,NOT_FOUND
LUCKY HORSESHOE,SAN FRANCISCO,94110,+1 415-282-3456,,,,,NOT_FOUND,NOT_FOUND
BEL SF,SAN FRANCISCO,94110,+1 415-206-4152,,,,,NOT_FOUND,NOT_FOUND
SOLAS,NEW YORK,10003,+1 212-375-0297,,,,,NOT_FOUND,NOT_FOUND
Jackdaw,New York,10003,+1 212-507-9333,,,,,NOT_FOUND,NOT_FOUND
TAHENI MEDITERRANEAN GRILL,NEW YORK,10003,un,,,,,NOT_FOUND,NOT_FOUND
FANCY JUICE BAR INC,NEW YORK,10003,+1 646-573-6465,,,,,NOT_FOUND,NOT_FOUND
BI RITE CREAMERY,SAN FRANCISCO,94110,+1 415-626-4156,@biritecreamery,8473,862,Best ice cream SF,linktr.ee/biritecreamery,FOUND
STANDINGS,NEW YORK,10003,+1 212-420-2124,,,,,NOT_FOUND,NOT_FOUND
LOTUS,SAN FRANCISCO,94110,+1 415-658-4156,,,,,NOT_FOUND,NOT_FOUND
BEST CRISPY FRIED CHICKEN,SAN FRANCISCO,94110,+1 415-923-8481,,,,,NOT_FOUND,NOT_FOUND
Ootoya,NEW YORK,10003,+1 212-473-4300,,,,,NOT_FOUND,NOT_FOUND
SANWA RESTAURANT CORPORATION,NEW YORK,10003,+1 212-420-2124,,,,,NOT_FOUND,NOT_FOUND
ALL SEASONS MARKET,SAN FRANCISCO,94110,+1 415-282-0343,,,,,NOT_CHECKED,NOT_CHECKED
YUBA RESTAURANT,NEW YORK,10003,+1 212-777-2127,,,,,NOT_FOUND,NOT_FOUND
garden of eden,new york,10003,+1 212-989-4431,,,,,NOT_FOUND,NOT_FOUND
GARDEN CREAMERY,SAN FRANCISCO,94110,+1 808-224-8082,,,,,NOT_FOUND,NOT_FOUND
NOES NEST BED AND BREAKFAST,SAN FRANCISCO,94110,+1 415-821-0751,,,,,NOT_CHECKED,NOT_CHECKED
NEOCOCOA,SAN FRANCISCO,94110,un,,,,,NOT_FOUND,NOT_FOUND
CUISINE OF NEPAL,San Francisco,94110,+1 415-647-2222,,,,,NOT_FOUND,NOT_FOUND
MANGO MANGO DESSERT,New York,10003,+1 917-261-5353,,,,,NOT_FOUND,NOT_FOUND
KUNG FU TEA,NEW YORK,10003,+1 917-285-4285,,,,,NOT_FOUND,NOT_FOUND
DAILY PROVISIONS,NEW YORK,10003,+1 212-228-2122,,,,,NOT_FOUND,NOT_FOUND
NENAS RESTAURANT,SAN FRANCISCO,94110,+1 415-285-8985,,,,,NOT_FOUND,NOT_FOUND
SHARAKU JAPANESE RESTAURANT INC,NEW YORK,10003,+1 212-598-2125,,,,,NOT_FOUND,NOT_FOUND
BAR PRIMI,NEW YORK,10003,+1 212-220-9100,@barprimi,38400,1271,Italian pasta shop NYC,barprimi.com,FOUND
ALS PLACE,SAN FRANCISCO,94110,+1 415-416-4154,,,,,NOT_FOUND,NOT_FOUND
103 SECOND RESTAURANT,NEW YORK,10003,+1 212-260-2122,,,,,NOT_FOUND,NOT_FOUND
CIRCADIA COFFEE HOUSE,SAN FRANCISCO,94110,+1 415-552-4155,,,,,NOT_FOUND,NOT_FOUND
OREN S DAILY ROAST,New York,10003,+1 212-420-5958,,,,,NOT_FOUND,NOT_FOUND
CUISINE OF NEPAL,SAN FRANCISCO,94110,+1 415-647-4156,,,,,NOT_FOUND,NOT_FOUND
WAGAMAMA,New York,10003,+1 917-636-6030,@wagamama_uk,255000,1930,food is life,linktr.ee/wagamama.uk,FOUND
CALIFORNIA PACIFIC MEDICAL CENTER ST LUKE S CAMPUS,SAN FRANCISCO,94110,un,,,,,NOT_CHECKED,NOT_CHECKED
BROOKLYN CHEESESTEAK CO.,NEW YORK,10003,un,,,,,NOT_FOUND,NOT_FOUND
NEW COLLEGE EL,SAN FRANCISCO,94110,+1 415-285-4152,,,,,NOT_CHECKED,NOT_CHECKED
CRUNCH FITNESS,NEW YORK,10003,+1 212-533-0001,,,,,NOT_CHECKED,NOT_CHECKED
Pizzeria Delfina,SAN FRANCISCO,94110,+1 415-437-6800,@pizzeriadelfina,11700,2266,Neapolitan pizza Bay Area,linktr.ee/pizzeriadelfina,FOUND
DUNKIN,NEW YORK,10003,+1 212-254-2055,,,,,NOT_CHECKED,NOT_CHECKED
QUBA RESTAURANT,SAN FRANCISCO,94110,+1 415-826-4158,,,,,NOT_FOUND,NOT_FOUND
NEMO,NEW YORK,10003,+1 212-477-2124,,,,,NOT_FOUND,NOT_FOUND
ASIENTO,SAN FRANCISCO,94110,+1 415-829-4158,,,,,NOT_FOUND,NOT_FOUND
49ERS MARKET,SAN FRANCISCO,94110,+1 415-282-7791,,,,,NOT_CHECKED,NOT_CHECKED
BERNARD UHFELDER NEWSTAND,NEW YORK,10003,+1 212-673-5736,,,,,NOT_CHECKED,NOT_CHECKED
RITUAL COFFEE ROASTERS,SAN FRANCISCO,94110,+1 415-641-1011,@ritualcoffee,60600,,Coffee roasters,,FOUND
COCOA GRINDER,NEW YORK,10003,un,,,,,NOT_FOUND,NOT_FOUND
DUNKIN,NEW YORK,10003,+1 646-678-4137,,,,,NOT_CHECKED,NOT_CHECKED
WALGREENS,SAN FRANCISCO,94110,+1 415-647-1397,,,,,NOT_CHECKED,NOT_CHECKED
VESELKA,NEW YORK,10003,+1 212-228-2122,@veselkanyc,42700,4445,Ukrainian Soul Food NYC,linktr.ee/veselkanyc,FOUND
Vish - Vegetarian Hummus,New York,10003,+1 212-420-5999,,,,,NOT_FOUND,NOT_FOUND
DELI 23,SAN FRANCISCO,94110,+1 415-642-3500,,,,,NOT_FOUND,NOT_FOUND
BUTTERFIELD 9TH FLOOR COFFEE BAR,NEW YORK,10003,un,,,,,NOT_FOUND,NOT_FOUND
Food Emporium,NEW YORK,10003,+1 212-353-3840,,,,,NOT_CHECKED,NOT_CHECKED
Gem Bing Shop,New York,10003,un,,,,,NOT_FOUND,NOT_FOUND
MERCHANTS HOUSE MUSEUM,NEW YORK,10003,+1 212-777-2127,,,,,NOT_CHECKED,NOT_CHECKED
Sushi Hon,SAN FRANCISCO,94110,+1 415-525-4527,,,,,NOT_FOUND,NOT_FOUND
ELEGANT AFFAIRS,NEW YORK,10003,+1 212-991-0078,,,,,NOT_CHECKED,NOT_CHECKED
HAQUE CONVENIENCE,NEW YORK,10003,+1 212-777-2127,,,,,NOT_CHECKED,NOT_CHECKED
HAMPTON CREEK,SAN FRANCISCO,94110,+1 858-349-8583,,,,,NOT_FOUND,NOT_FOUND
ISE JAPANESE RESTAURANT,NEW YORK,10003,+1 212-228-2122,,,,,NOT_FOUND,NOT_FOUND
The Little Chihuahua MeXican Restaurant,SAN FRANCISCO,94110,+1 415-355-9144,,,,,NOT_FOUND,NOT_FOUND
The Cellar,New York,10003,+1 212-466-3340,,,,,NOT_FOUND,NOT_FOUND
BOCCE USQ,NEW YORK,10003,+1 212-677-7818,,,,,NOT_FOUND,NOT_FOUND
SHEFFIELD CONVALESCENT HOSPITAL,SAN FRANCISCO,94110,+1 415-647-4156,,,,,NOT_CHECKED,NOT_CHECKED
BOWERY ELECTRIC,NEW YORK,10003,+1 212-228-0228,,,,,NOT_FOUND,NOT_FOUND
THANH TAM II RESTAURANT,SAN FRANCISCO,94110,+1 415-252-4152,,,,,NOT_FOUND,NOT_FOUND
HOME HEALTH MANAGEMENT,NEW YORK,10003,+1 212-420-2124,,,,,NOT_CHECKED,NOT_CHECKED
SECOND AVENUE SERVICE STATION,NEW YORK,10003,+1 212-979-7000,,,,,,NOT_CHECKED
Chop t,NEW YORK,10003,+1 646-336-5523,@choptsalad,126K,3175,Chopt Creative Salad Co. - Reimagining salads,choptsalad.com,FOUND
KIMURA,NEW YORK,10003,+1 212-598-1188,,,,,,NOT_FOUND
ROAMIN CANNOLI,San Francisco,94110,+1 650-483-5468,,,,,,NOT_FOUND
YUAN NOODLE,NEW YORK,10003,,,,,,,NOT_FOUND
GABRIELLA S NEW YORK CITY PIZZA,SAN FRANCISCO,94110,+1 415-874-9261,,,,,,NOT_FOUND
Mission Preparatory School,SAN FRANCISCO,94110,+1 415-508-9626,,,,,,NOT_CHECKED
EL RINCONCITO NICARAGUENSE,SAN FRANCISCO,94110,+1 415-643-4620,,,,,,NOT_FOUND
COOPER SQUARE,NEW YORK,10003,+1 212-375-9195,,,,,,NOT_FOUND
PANGEA RESTAURANT,NEW YORK,10003,+1 212-995-0900,,,,,,NOT_FOUND
M2M MART,NEW YORK,10003,+1 212-353-2123,,,,,,NOT_FOUND
VILLAGE CHILD DEVELOPMENT CENTER,NEW YORK,10003,+1 212-260-7440,,,,,,NOT_CHECKED
PEN AND BRUSH INC.,NEW YORK,10003,+1 914-937-9149,,,,,,NOT_CHECKED
KATI THAI,NEW YORK,10003,+1 212-533-2125,,,,,,NOT_FOUND
AMC THEATRES,NEW YORK,10003,+1 212-982-0400,,,,,,NOT_CHECKED
BAKERY (THE),SAN FRANCISCO,94110,,,,,,,NOT_FOUND
Luna s Coffee House,SAN FRANCISCO,94110,+1 415-710-3066,,,,,,NOT_FOUND
St George Academy,NEW YORK,10003,+1 212-473-3323,,,,,,NOT_CHECKED
EL METATE RESTAURANT,SAN FRANCISCO,94110,+1 415-641-7209,,,,,,NOT_FOUND
AMIT HOTEL,SAN FRANCISCO,94110,+1 415-431-4154,,,,,,NOT_CHECKED
LIN HIBACHI EXPRESS,New York,10003,,,,,,,NOT_FOUND
Evil Eye,SAN FRANCISCO,94110,+1 415-814-3779,,,,,,NOT_FOUND
HIBACHI NOODLE SOUP AND SUSHI,NEW YORK,10003,+1 212-388-9855,,,,,,NOT_FOUND
L.A. BURDICK CHOCOLATES,NEW YORK,10003,+1 212-796-2127,@burdickchocolate,51.5K,1279,38 years handcrafting artisan chocolates,burdickchocolate.com,FOUND
Proto s Pizza,NEW YORK,10003,+1 212-432-4044,,,,,,NOT_FOUND
PANYA/THE BARREL,NEW YORK,10003,+1 212-598-2125,,,,,,NOT_FOUND
I LOUNGE,NEW YORK,10003,,,,,,,NOT_FOUND
FAHRER M CATERERS,NEW YORK,10003,+1 212-741-1172,,,,,,NOT_FOUND
SUGARFISH,New York,10003,+1 347-705-8100,@sugarfishsushi,13,0,,,EMPTY_PROFILE
CAFE DE LA MISSION,SAN FRANCISCO,94110,,,,,,,NOT_FOUND
mukdhara,new york,10003,+1 718-565-7258,,,,,,NOT_FOUND
ABC HOME FURNISHINGS INC,NEW YORK,10003,+1 212-473-2124,,,,,,NOT_CHECKED
Corkbuzz,NEW YORK,10003,+1 646-873-6071,@corkbuzzwine,16.3K,1930,Woman-owned NYC Wine Bar by Laura Maniec,youtu.be/cV-T1u4St2M,FOUND
Wholesome Bakery,SAN FRANCISCO,94110,+1 415-343-5414,,,,,,NOT_FOUND
CATHEDRALE RESTAURANT,NEW YORK,10003,+1 212-888-1093,,,,,,NOT_FOUND
NEW YORK UNIVERSITY,NEW YORK,10003,+1 212-995-3162,,,,,,NOT_CHECKED
CHEN S EXPRESS KITCHEN,NEW YORK,10003,,,,,,,NOT_FOUND
BIRYANI FACTORY,NEW YORK,10003,,,,,,,NOT_FOUND
JUICY LUCYS,NEW YORK,10003,,,,,,,NOT_FOUND
VAN LEEUWEN ARTISAN ICE CREAM,New York,10003,+1 646-476-3865,@vanleeuwenicecream,259K,3091,Delicious ice cream made from scratch,vanleeuwenicecream.com,FOUND
CITY STORE,SAN FRANCISCO,94110,+1 415-970-4159,,,,,,NOT_FOUND
XI AN FAMOUS FOODS,NEW YORK,10003,+1 212-786-2068,@xianfoods,84.6K,1243,Hand-pulled noodles and spicy cumin lamb,xianfoods.com,FOUND
West of Pecos,SAN FRANCISCO,94110,+1 415-252-7000,,,,,,NOT_FOUND
Papaya Dog,NEW YORK,10003,,,,,,,NOT_FOUND
GEORGE R MOSCONE ELEMENTARY SCHOOL,SAN FRANCISCO,94110,+1 415-695-4156,,,,,,NOT_CHECKED
Plant Food + Wine,New York,10003,+1 212-658-1948,,,,,,NOT_FOUND
ABC CARPET & HOME,NEW YORK,10003,,,,,,,NOT_CHECKED
SPICE,NEW YORK,10003,+1 212-253-2742,,,,,,NOT_FOUND
CORONITAS,SAN FRANCISCO,94110,+1 415-285-4555,,,,,,NOT_FOUND
Nyu Law School,Ny,10003,+1 212-998-6498,,,,,,NOT_CHECKED
SZECHUAN MOUNTAIN HOUSE,NEW YORK,10003,+1 917-388-3866,,,,,,NOT_FOUND
AZIZA CAFE HOOKAH LOUNGE,NEW YORK,10003,+1 212-777-2127,,,,,,NOT_FOUND
TEETH SF,SAN FRANCISCO,94110,+1 415-285-4152,,,,,,NOT_FOUND
N Y DISCOUNT,NEW YORK,10003,+1 212-982-2129,,,,,,NOT_CHECKED
ASTORIA BIER & CHEESE,NEW YORK,10003,+1 718-545-7185,,,,,,NOT_FOUND
FRONT CAFE,SAN FRANCISCO,94110,+1 415-437-4154,,,,,,NOT_FOUND
GALLARDOS MEXICAN RESTAURANT,SAN FRANCISCO,94110,+1 415-436-9387,,,,,,NOT_FOUND
PS 40 Augustus Saint Gaudens School,NEW YORK,10003,+1 212-475-5500,,,,,,NOT_CHECKED
Upfordayz Coffee,SAN FRANCISCO,94110,,,,,,,NOT_FOUND
Sly FoX,NEW YORK,10003,+1 212-614-3283,,,,,,NOT_FOUND
RISE AND GRIND COFFEE HOUSE,SAN FRANCISCO,94110,+1 415-800-8279,,,,,,NOT_FOUND
NYU EATS AT THIRD NORTH,NEW YORK,10003,,,,,,,NOT_CHECKED
HI LO BBQ,SAN FRANCISCO,94110,+1 415-874-9921,,,,,,NOT_FOUND
EL GALLO GIRO,SAN FRANCISCO,94110,+1 415-240-1224,,,,,,NOT_FOUND
MIXT GREENS,San Francisco,94110,+1 415-296-8009,@mixt,25.6K,1422,Sustainably-sourced salads and warm bowls,order.mixt.com,FOUND
SEALAND TRADING,SAN FRANCISCO,94110,+1 415-282-4152,,,,,,NOT_CHECKED
MISSION PICNIC,SAN FRANCISCO,94110,+1 415-735-3080,,,,,,NOT_FOUND
LA PALMA MEXICATESSEN,SAN FRANCISCO,94110,+1 415-647-1500,@lapalmasf,90,3,Traditional Mexican food for almost 60 years,lapalmasf.com,FOUND
THE BELFRY,NEW YORK,10003,+1 212-473-2124,,,,,,NOT_FOUND
DURDEN,NEW YORK,10003,,,,,,,NOT_FOUND
TARTINE BAKERY,SAN FRANCISCO,94110,+1 415-487-4154,@tartinebakery,479K,2819,Tartine - Bread and more,tartinebakery.com,FOUND
MISSIONS KITCHEN,SAN FRANCISCO,94110,+1 415-648-4156,,,,,,NOT_FOUND
LA BREAKFAST CLUB,NEW YORK,10003,,,,,,,NOT_FOUND
COYOTE UGLY SALOON,NEW YORK,10003,+1 212-477-4431,,,,,,NOT_FOUND
MARKET AT PALLADIUM,NEW YORK,10003,,,,,,,NOT_FOUND
EMMY S SPAGHETTI SHACK,SAN FRAN,94110,+1 415-206-2086,,,,,,NOT_FOUND
BOBO S BISTRO,SAN FRANCISCO,94110,+1 415-658-7274,,,,,,NOT_FOUND
GALANT,SAN FRANCISCO,94110,+1 415-552-4155,,,,,,NOT_FOUND
UNION SQUARE ACADEMY FOR HEALTH SCIENCES,NEW YORK,10003,+1 212-253-2122,,,,,,NOT_CHECKED
Bryant Elementary School,SAN FRANCISCO,94110,+1 415-695-5780,,,,,,NOT_CHECKED
BLANK STREET,NEW YORK,10003,,@blankstreet,157K,353,Blank Street Coffee,blankstreet.com,FOUND
FRJTZ,SAN FRANCISCO,94110,+1 415-863-4158,,,,,,NOT_FOUND
LOADED CHICK N TENDERS,SAN FRANCISCO,94110,,,,,,,NOT_FOUND
IHOP,NEW YORK,10003,+1 212-388-1499,,,,,,NOT_FOUND
RAI RAI KEN,NEW YORK,10003,+1 212-477-7030,,,,,,NOT_FOUND
98 FAVOR TASTE,NEW YORK,10003,,,,,,,NOT_FOUND
UKRAINIAN EAST VILLAGE RES,NEW YORK,10003,+1 212-614-2126,,,,,,NOT_FOUND
CHINA 8 CHINESE TAKE OUT,NEW YORK,10003,,,,,,,NOT_FOUND
JULES BISTRO,NEW YORK,10003,+1 212-477-5560,,,,,,NOT_FOUND
Lotus Garden Vietnamese Cuisine,SAN FRANCISCO,94110,+1 415-282-9088,,,,,,NOT_FOUND
BOWLMOR LANES,NEW YORK,10003,,,,,,,NOT_CHECKED
LA MEXICANA BAKERY,San Francisco,94110,+1 415-648-2633,,,,,,NOT_FOUND
HAL JR BAR BQ,San Francisco,94110,+1 917-499-5485,,,,,,NOT_FOUND
District Tea,San Francisco,94110,+1 415-638-6134,,,,,,NOT_FOUND
LAZY LLAMA,NEW YORK,10003,,,,,,,NOT_FOUND
MALAIMARKE RESTAURANT,NEW YORK,10003,+1 212-777-2127,,,,,,NOT_FOUND
SALVATION ARMY REHAB CENTER,SAN FRANCISCO,94110,,,,,,,NOT_CHECKED
113 FARM,NEW YORK,10003,+1 212-228-2122,,,,,,NOT_FOUND
WYLL CAFE,NEW YORK,10003,+1 212-777-2127,,,,,,NOT_FOUND
Jiang Diner,NEW YORK,10003,+1 646-484-5999,,,,,,NOT_FOUND
OLD DEVIL MOON,SAN FRANCISCO,94110,,,,,,,NOT_FOUND
OIJI,NEW YORK,10003,+1 646-767-9050,,,,,,NOT_FOUND
NYU Hospital for Joint Diseases,New York,10003,,,,,,,NOT_CHECKED
CHICOS GRILL,SAN FRANCISCO,94110,+1 415-970-0375,,,,,,NOT_FOUND
HUERTAS,NEW YORK,10003,+1 646-361-6463,@huertasnyc,6634,1524,Spanish Restaurant - Thanks for the memories,huertasnyc.com,FOUND
CAFE TABOO,SAN FRANCISCO,94110,+1 415-341-4153,,,,,,NOT_FOUND
ALL STAR CANDY,SAN FRANCISCO,94110,+1 415-932-4159,,,,,,NOT_FOUND
BASA SEAFOOD EXPRESS,SAN FRANCISCO,94110,+1 415-550-4155,,,,,,NOT_FOUND
CARDOZO SCHOOL OF LAW,NEW YORK,10003,,,,,,,NOT_CHECKED
FILLMORE THE,NEW YORK,10003,+1 212-777-2127,,,,,,NOT_FOUND
CLUB MALIBU,SAN FRANCISCO,94110,+1 415-954-2762,,,,,,NOT_CHECKED
EL DIABLITO TAQUERIA,NEW YORK,10003,+1 646-692-9268,,,,,,NOT_FOUND
CVS PHARMACY,NEW YORK,10003,+1 212-255-0293,,,,,,NOT_CHECKED
ABRACO,NEW YORK,10003,+1 212-388-2123,,,,,,NOT_FOUND
La Corneta,SAN FRANCISCO,94110,+1 415-643-7001,,,,,,NOT_FOUND
SAMYS LIQUOR GROCERIES,SAN FRANCISCO,94110,+1 415-824-4158,,,,,,NOT_CHECKED
ARTISTS 4 IRELAND,NEW YORK,10003,+1 212-260-4422,,,,,,NOT_CHECKED
ASIA DE CUBA,NEW YORK,10003,+1 212-726-7755,,,,,,NOT_FOUND
JOHNSONS GUEST HOUSE,SAN FRANCISCO,94110,+1 415-550-4155,,,,,,NOT_CHECKED
SMILE BBQ,SAN FRANCISCO,94110,+1 415-285-4152,,,,,,NOT_FOUND
LA CORNETA,SAN FRANCISCO,94110,+1 415-826-2336,,,,,,NOT_FOUND
CECILIAS PIZZA RESTAURANT,SAN FRANCISCO,94110,+1 415-821-4158,,,,,,NOT_FOUND
SOUTHERN PACIFIC BREWING,SAN FRANCISCO,94110,+1 415-341-0152,@southernpacificbrewing,2232,101,Brewery in SF Mission District,southernpacificbrewing.com,FOUND
A & A Food Market,NEW YORK,10003,,,,,,,NOT_FOUND
YOUTH SPEAKS,SAN FRANCISCO,94110,+1 415-255-9035,,,,,,NOT_CHECKED
REGAL UNION SQUARE STADIUM 14,NEW YORK,10003,,,,,,,NOT_CHECKED
L EXPRESS,NEW YORK,10003,+1 212-254-2122,,,,,,NOT_FOUND
NANOOSH,NEW YORK,10003,+1 212-387-2123,,,,,,NOT_FOUND
BLUESTONE LANE COFFEE SHOPS,NEW YORK,10003,+1 718-374-6858,@bluestonelane,127K,3838,Internationally Acclaimed Coffee Roaster,linktr.ee/bluestonelane_,FOUND
ETCETERA WINE BAR,SAN FRANCISCO,94110,+1 415-926-5477,,,,,,NOT_FOUND
WALGREENS,NEW YORK,10003,+1 212-677-0214,,,,,,NOT_CHECKED
BERNAL HEIGHTS PIZZERIA,SAN FRANCISCO,94110,+1 415-400-4154,,,,,,NOT_FOUND
RED CAFE,SAN FRANCISCO,94110,+1 415-282-4152,,,,,,NOT_FOUND
HAKATA HOT POT NYC,NEW YORK,10003,+1 212-598-2125,,,,,,NOT_FOUND
EVERGREEN GARDEN,SAN FRANCISCO,94110,+1 415-621-4156,,,,,,NOT_FOUND
FACTORY TAMAL,NEW YORK,10003,+1 347-659-7098,,,,,,NOT_FOUND
BOWLLIN,NEW YORK,10003,,,,,,,NOT_FOUND
PHIL STEAKS,New York,10003,+1 917-584-0540,,,,,,NOT_FOUND
PUDGIES NATHANS ARTHUR TREACHERS,NEW YORK,10003,+1 212-777-2127,,,,,,NOT_FOUND
SAN FRANCISCO ADULT RESIDENTIAL FACILITY,SAN FRANCISCO,94110,+1 415-206-6300,,,,,,NOT_CHECKED
Little Skips Cafe At Three Jewels,New York,10003,+1 646-964-5736,,,,,,NOT_FOUND
MISSION PLAZA APARTMENTS,SAN FRANCISCO,94110,+1 415-864-4158,,,,,,NOT_CHECKED
JESSIES SWEETS,SAN FRANCISCO,94110,+1 415-297-7007,,,,,,NOT_FOUND
14TH STREET RESTAURANT,NEW YORK,10003,+1 212-260-2122,,,,,,NOT_FOUND
INDO CHINE VEGETARIAN RESTAURANT,SAN FRANCISCO,94110,+1 415-701-4157,,,,,,NOT_FOUND
TRADER JOE S,NEW YORK,10003,+1 212-529-6326,@traderjoes,3.6M,2466,Your Neighborhood Grocery Store,linkinprofile.com/traderjoes,FOUND
MARIO HOT DOGS,SAN FRANCISCO,94110,,,,,,,NOT_FOUND
T J MARKET NUMBER ONE,SAN FRANCISCO,94110,+1 415-647-5036,,,,,,NOT_FOUND
OMG PIZZA,SAN FRANCISCO,94110,,,,,,,NOT_FOUND
EL BUEN COMER,SAN FRANCISCO,94110,+1 415-817-4158,,,,,,NOT_FOUND
MOXY HOTELS,NEW YORK,10003,+1 212-288-6699,,,,,,NOT_CHECKED
NOODLE FLOWER,NEW YORK,10003,+1 718-445-3155,,,,,,NOT_FOUND
OYE MANAGUA,SAN FRANCISCO,94110,+1 415-821-2702,,,,,,NOT_FOUND
Valencia Farmer s Market,SAN FRANCISCO,94110,+1 415-282-6863,,,,,,NOT_FOUND
MISSION ANNEX CHILD CARE,SAN FRANCISCO,94110,+1 415-695-5844,,,,,,NOT_CHECKED
STICKY S FINGER JOINT,NEW YORK,10003,+1 929-356-9284,,,,,,NOT_FOUND
DOWNTOWN BAKERY II MEXICAN FOOD,NEW YORK,10003,,,,,,,NOT_FOUND
CRAFTSMAN AND WOLVES,SAN FRANCISCO,94110,+1 415-913-7713,@craftsmanwolves,54.7K,2435,Coffee pastries confections - SF & Mountain View,craftsman-wolves.square.site,FOUND
LA PIZZA FRESCA LIMITED,NEW YORK,10003,+1 212-598-2125,,,,,,NOT_FOUND
Bean NYC,NEW YORK,10003,+1 212-510-7714,,,,,,NOT_FOUND
DOCS CLOCK,SAN FRANCISCO,94110,+1 415-824-4158,,,,,,NOT_FOUND
BITEUNITE,SAN FRANCISCO,94110,,,,,,,NOT_FOUND
BROKEN COCONUT,NEW YORK,10003,,,,,,,NOT_FOUND
THE BLACK ANT,NEW YORK,10003,+1 212-598-0300,,,,,,NOT_FOUND
LUPULANDIA BREWERY,SAN FRANCISCO,94110,+1 415-757-0487,,,,,,NOT_FOUND
00 + CO,NEW YORK,10003,,,,,,,NOT_FOUND
P & P CANDY AND GROCERY INC,NEW YORK,10003,,,,,,,NOT_CHECKED
EXPRESS THALI,NEW YORK,10003,,,,,,,NOT_FOUND
SANDWICH PLACE THE,SAN FRANCISCO,94110,+1 415-431-4154,,,,,,NOT_FOUND
ICONIC HAND ROLLS,NEW YORK,10003,+1 646-476-6464,,,,,,NOT_FOUND
ROCCAPULCO,SAN FRANCISCO,94110,+1 415-648-4156,,,,,,NOT_FOUND
D B G B KITCHEN & BAR,NEW YORK,10003,+1 212-933-2129,,,,,,NOT_FOUND
CORBET AND CONLEY,NEW YORK,10003,+1 212-982-2129,,,,,,NOT_FOUND
D B A,NEW YORK,10003,+1 212-475-5097,,,,,,NOT_FOUND
PADMA S CURRY LEAF,NEW YORK,10003,,,,,,,NOT_FOUND
SALT BAE,NEW YORK,10003,+1 212-308-2110,@nusr_et,51.9M,3041,Nusr-Et Saltbae - We are better than best,thenresidencesibiza.com,FOUND
BRAZEN FOX,NEW YORK,10003,+1 914-358-9143,,,,,,NOT_FOUND
Philz Coffee,SAN FRANCISCO,94110,+1 415-875-9370,@philzcoffee,95.3K,2600,Bettering Days One Cup at a Time,linktree.com/philzcoffee,FOUND
ROAST KITCHEN,New York,10003,+1 212-776-4053,,,,,,NOT_FOUND
WISE SONS DELI,SAN FRAN,94110,+1 415-787-3354,@wisesons,31.8K,2112,Wise Sons Jewish Delicatessen - SF best bagel,linktr.ee/wisesonsdeli,FOUND
Punto Rojo Bakery and Restaurant,New York,10003,+1 212-777-0362,,,,,,NOT_FOUND
PIERRE LOTI,NEW YORK,10003,+1 212-777-5684,,,,,,NOT_FOUND
AMOUN KITCHEN & LOUNGE,NEW YORK,10003,+1 646-861-6468,,,,,,NOT_FOUND
ASIENTO,SAN FRANCISCO,94110,+1 415-829-3375,,,,,,NOT_FOUND
Porsena,NEW YORK,10003,+1 212-228-4923,,,,,,NOT_FOUND
LAS PALMERAS RESTAURANT,SAN FRANCISCO,94110,+1 415-285-4152,,,,,,NOT_FOUND
MR. POLLO,SAN FRANCISCO,94110,+1 860-912-8609,,,,,,NOT_FOUND
HUNAN BISTRO,NEW YORK,10003,+1 212-388-9855,,,,,,NOT_FOUND
Bagel Bob s,NEW YORK,10003,+1 212-533-2627,,,,,,NOT_FOUND
W K MARKET,SAN FRANCISCO,94110,+1 415-285-4152,,,,,,NOT_FOUND
CAFE ST. JORGE,SAN FRANCISCO,94110,+1 415-814-4158,,,,,,NOT_FOUND
LE CAFE COFFEE,NEW YORK,10003,+1 212-388-9111,,,,,,NOT_FOUND
Crepe House,San Fran,94110,,,,,,,NOT_FOUND
CHINA STAR,NEW YORK,10003,+1 212-777-3888,,,,,,NOT_FOUND
Gemma Restaurant,NEW YORK,10003,+1 212-505-7300,,,,,,NOT_FOUND
SUBWAY #47348,NEW YORK,10003,+1 212-777-2127,,,,,,NOT_FOUND
PAULS DA BURGER JOINT,NEW YORK,10003,+1 212-529-2125,,,,,,NOT_FOUND
CON SABOR A MEXICO,SAN FRANCISCO,94110,+1 415-495-4154,,,,,,NOT_FOUND
KATI ROLL COMPANY,NEW YORK,10003,+1 212-730-2127,,,,,,NOT_FOUND
MISSION COMMUNITY MARKET,SAN FRANCISCO,94110,+1 415-891-4158,,,,,,NOT_FOUND
